{
  "test_auc": 0.7780626927187255,
  "test_precision": 0.6657263751763046,
  "test_recall": 0.3556895252449133,
  "test_f1": 0.4636542239685658
}